Nom,Banniere,Adresse,Region,Code_postal,Latitude,Longitude,Prix_regulier,Prix_super,Prix_diesel,rang_region,highlight_carte,is_ghost,date_import
Costco Trois-Rivières-Ouest,Costco,"3000 boul. des Récollets, Trois-Rivières",Mauricie,G9A 6J2,46.329974,-72.571278,185.9,205.9,,1,oui,1,2026-10-06 09:57
Dépanneur Relais Batiscan,Petro-Canada,"1240 rte Principale, Batiscan",Mauricie,G0X 1A0,46.506747,-72.246065,186.9,211.9,289.9,2,,1,2026-10-06 09:57
Garage R. Marchand,Sonic,"30 ch. Rivière à Veillet, Sainte-Geneniève-de-Batiscan",Mauricie,G0X 2R0,46.538396,-72.341296,186.9,208.9,288.9,2,,1,2026-10-06 09:57
Marché Bonichoix St-Stanislas inc.,Petro-Canada,"1395 rue Principale, Saint-Stanislas",Mauricie,G0X 3E0,46.612977,-72.384839,186.9,211.9,,2,,1,2026-10-06 09:57
9480-3368 Québec inc.,Harnois,"1161 Ch. Des Érables, Shawinigan",Mauricie,G9R 1H8,46.598747,-72.807587,188.4,209.9,289.9,5,,1,2026-10-06 09:57
ghost_north,,,Mauricie,,49.0016,-73.70585,,,,,,0,2026-10-06 09:57
ghost_south,,,Mauricie,,46.1512,-73.70585,,,,,,0,2026-10-06 09:57
ghost_west,,,Mauricie,,47.57640000000001,-75.5211,,,,,,0,2026-10-06 09:57
ghost_east,,,Mauricie,,47.57640000000001,-71.8906,,,,,,0,2026-10-06 09:57
